{"initial_reset_timestamp": 1578784091.9676118, "timestamps": [1578784101.902206], "episode_lengths": [200], "episode_rewards": [-200.0], "episode_types": ["t", "t"]}